<?xml version="1.0" encoding="UTF-8" standalone="yes"?>
<addon id="m.repository" name="m repository" version="0.0.2" provider-name="Mafarricos">
	<extension point="xbmc.addon.repository" name="m Add-on Repository">
		<info compressed="false">http://raw.github.com/Mafarricos/m.repository/master/addons.xml</info>
		<checksum>http://raw.github.com/Mafarricos/m.repository/master/addons.xml.md5</checksum>
		<datadir zip="true">http://raw.github.com/Mafarricos/m.repository/master/repo/</datadir>
	</extension>
	<extension point="xbmc.addon.metadata">
		<summary>m Addon</summary>
		<description>Addon Description</description>
		<disclaimer></disclaimer>
		<platform>all</platform>
	</extension>
</addon>